PHC_ID,Username,ISBN,Quantity,Time
1,cwinnardf,rdigiacomettinow,1,2011-08-05 11:24:07
2,darnaldox,cwinnardf,3,2014-11-02 5:2:20
3,iquarrell12,gvallentinec,4,2009-11-09 18:9:45
4,vvanhaeften0,rbeadnell7,1,2015-11-02 16:2:44
5,mjanczakj,adenslowv,2,2005-02-01 16:50:35
6,hpaytong,gvallentinec,3,2016-10-26 19:19:05
7,cchippin18,jkornelq,1,2012-01-02 2:32:19
8,kgounya,darnaldox,1,2013-09-05 5:37:35
9,nspenderi,jbilletty,5,2010-05-06 14:10:36
10,zsorrop,dlumsdainet,2,2017-06-03 3:15:39
11,cchippin18,adenslowv,3,2013-03-16 19:58:25
12,idenyukhin10,seddins1b,1,2017-02-07 5:7:14
13,dlumsdainet,dlumsdainet,1,2016-01-07 7:35:53
14,gantonucciu,aissacoff1a,5,2013-05-06 6:49:36
15,gantonucciu,dlumsdainet,1,2007-05-01 18:47:06
16,zlantaphe,darnaldox,6,2010-06-03 3:37:40
17,adenslowv,vgainsborough14,9,2012-06-09 23:9:34
18,zlantaphe,cchippin18,7,2006-11-01 10:1:53
19,kcrecyb,darnaldox,4,2005-10-16 16:20:21
